<?xml version="1.0" encoding="UTF-8" standalone="yes"?>
<addon id="plugin.video.dramasonline"
       name="DramasOnline.com"
       version="2.6.4"
       provider-name="shani">
  <requires>
    <import addon="xbmc.python" version="2.1.0"/>
	<import addon="script.module.urlresolver" version="1.0.0"/>
	<import addon="plugin.video.youtube" version="2.9.2"/>
  </requires>
  <extension point="xbmc.python.pluginsource"
            library="default.py">
        <provides>video</provides>
  </extension>
  
     <extension point="xbmc.addon.repository" name="shani repository">
        <info compressed="false">https://offshoregit.com/Shani-08/main/addons.xml</info>
        <checksum>https://offshoregit.com/Shani-08/main/addons.xml.md5</checksum>
        <datadir zip="true">https://offshoregit.com/Shani-08/main/zips/</datadir>
    </extension>

  <extension point="xbmc.addon.metadata">
    <summary>dramasonline.com XBMC Client</summary>
    <description>Watch dramasonline.com on your XBMC. This plugin fetches the video sources from dramasonline.com and play on XBMC compatible plateforms</description>
    <platform>all</platform>
  </extension>
</addon>
