<?xml version="1.0" encoding="UTF-8" standalone="yes"?>
<addon id="plugin.video.ZemTV-shani"
       name="ZemTV.com"
       version="3.8.7"
       provider-name="shani">
  <requires>
    <import addon="xbmc.python" version="2.1.0"/>
	<import addon="script.module.urlresolver" version="1.0.0"/>
	<import addon="plugin.video.youtube" version="2.9.2"/>
    <import addon="script.module.simplejson" version="3.3.0"/>
       	<import addon="script.module.elementtree" version="1.2.8"/>


    <import addon="plugin.video.f4mTester" version="2.2.3"/>

  </requires>
  <extension point="xbmc.python.pluginsource"
            library="default.py">
        <provides>video</provides>
  </extension>
  <extension point="xbmc.addon.metadata">
    <summary>ZemTV.tv XBMC Client</summary>
    <description>Watch ZemTV.com on your XBMC. This plugin fetches the video sources from ZemTV.com and play on XBMC compatible plateforms</description>
    <platform>all</platform>
  </extension>
</addon>
