<?xml version="1.0" encoding="UTF-8" standalone="yes"?>
<addon id="plugin.video.kannadaserial"
       name="Kannada TV"
       version="2.2.4"
       provider-name="sorkan">
  <requires>
    	<import addon="xbmc.python" version="2.1.0"/>
	<import addon="script.module.urlresolver" version="1.0.0"/>
	<import addon="plugin.video.youtube" version="2.9.2"/>
  </requires>
  <extension point="xbmc.python.pluginsource"
            library="default.py">
        <provides>video</provides>
  </extension>
  <extension point="xbmc.addon.metadata">
    <summary>kannada.serialzone.in XBMC Client</summary>
    <description>Watch kannada.serialzone.in on your XBMC. This plugin fetches the video sources from kannada.serialzone.in and play on XBMC compatible plateforms</description>
    <platform>all</platform>
  </extension>
</addon>
