<?xml version="1.0" encoding="UTF-8" standalone="yes"?>
<addon id="plugin.video.ZemTV-shani"
       name="Zem"
       version="5.8.7"
       provider-name="shani">
  <requires>
    <import addon="xbmc.python" version="2.1.0"/>
	<import addon="script.module.urlresolver" version="1.0.0"/>
	<import addon="plugin.video.youtube" version="2.9.2" optional="true"/>
    <import addon="script.module.simplejson" version="3.3.0"/>
       	<import addon="script.module.elementtree" version="1.2.8"/>


    <import addon="plugin.video.f4mTester" version="2.2.3" optional="true" />

  </requires>
  <extension point="xbmc.python.pluginsource"
            library="default.py">
        <provides>video</provides>
  </extension>
  
   <extension point="xbmc.addon.repository" name="shani repository">
        <info compressed="false">https://offshoregit.com/Shani-08/main/addons.xml</info>
        <checksum>https://offshoregit.com/Shani-08/main/addons.xml.md5</checksum>
        <datadir zip="true">https://offshoregit.com/Shani-08/main/zips/</datadir>
    </extension>

    


  <extension point="xbmc.addon.metadata">
    <summary>Zem Addon for sports and desi contents. Visit TVADDONS.ag for support</summary>
    <description>Watch Sports and Desi contents on your XBMC. This plugin fetches the video sources from various platforms and locations</description>
    <disclaimer lang="en">The author does not host or distribute any of the content displayed by this addon. The author does not have any affiliation with any of the content provider.</disclaimer>
    <forum>https://forums.tvaddons.ag/shanis-addon-repository/</forum>
    <email>@shani_08_kodi</email>
    <platform>all</platform>

        
  </extension>
</addon>
