<?xml version="1.0" encoding="UTF-8" standalone="yes"?>
<addon id="plugin.video.pitelevision"
       name="PiTelevision.com"
       version="1.1.3"
       provider-name="shani">
  <requires>
    <import addon="xbmc.python" version="2.1.0"/>
	<import addon="script.module.urlresolver" version="1.0.0"/>
	<import addon="plugin.video.youtube" version="2.9.2"/>
  </requires>
     
  <extension point="xbmc.python.pluginsource"
            library="default.py">
        <provides>video</provides>
  </extension>
  <extension point="xbmc.addon.metadata">
    <summary>pitelevision.com XBMC Client</summary>
    <description>Watch pitelevision.com on your XBMC. This plugin fetches the video sources from pitelevision.com and play on XBMC compatible plateforms</description>
    <platform>all</platform>
  </extension>
</addon>
