<?xml version="1.0" encoding="UTF-8"?>
<addon id="plugin.video.f4mTester" version="1.0.12" name="f4mTester" provider-name="Shani">
    <requires>
        <import addon="xbmc.python" version="2.1.0"/>
        <import addon="script.video.F4mProxy" version="1.0.12"/>
    </requires>
    <extension point="xbmc.python.pluginsource" library="default.py">
        <provides>video</provides>
    </extension>
    <extension point="xbmc.addon.metadata">
        <summary>f4mTester</summary>
        <description></description>
        <platform>all</platform>
    </extension>
</addon>